John,Smith,Science,2002,2019,1008000000008
Sarah,Lee,Arts,2001,2018,1015000000015
Michael,Johnson,Engineering,2003,2020,1021000000021
Emma,Wilson,Business,2000,2017,1013000000013
David,Davis,Science,2001,2018,1004000000004
Emily,Anderson,Arts,2002,2019,1030000000030
Jacob,Martinez,Engineering,2003,2020,1002000000002
Ava,Lopez,Business,2000,2017,1018000000018
Ethan,Thompson,Science,2001,2018,1024000000024
Mia,Jackson,Arts,2002,2019,1020000000020
Noah,Lee,Engineering,2003,2020,1037000000037
Olivia,Martinez,Business,2000,2017,1028000000028
William,Lopez,Science,2001,2018,1012000000012
Sophia,Thompson,Arts,2002,2019,1003000000003
Benjamin,Jackson,Engineering,2003,2020,1034000000034
Isabella,Garcia,Business,2000,2017,1001000000001
Daniel,Miller,Science,2001,2018,1035000000035
Charlotte,Davis,Arts,2002,2019,1009000000009
Joseph,Garcia,Engineering,2003,2020,1022000000022
Amelia,Hernandez,Business,2000,2017,1025000000025
Alexander,Mitchell,Science,2001,2018,1011000000011
Ella,Sullivan,Arts,2002,2019,1017000000017
William,Phillips,Engineering,2003,2020,1031000000031
Grace,Campbell,Business,2000,2017,1006000000006
Michael,Morris,Science,2001,2018,1026000000026
Victoria,Flores,Arts,2002,2019,1007000000007
Christopher,Murphy,Engineering,2003,2020,1023000000023
Sofia,Cooper,Business,2000,2017,1019000000019
Andrew,Reed,Science,2001,2018,1010000000010
Chloe,Bailey,Arts,2002,2019,1005000000005
Joshua,Phillips,Engineering,2003,2020,1027000000027
Madison,Kelly,Business,2000,2017,1032000000032
Ethan,Perry,Science,2001,2018,1000000000003
Avery,Powell,Arts,2002,2019,1036000000036
James,Long,Engineering,2003,2020,1003000000004
Evelyn,Patterson,Business,2000,2017,1004000000005
Ryan,Hughes,Science,2001,2018,1032000000032
Abigail,Flores,Arts,2002,2019,1038000000038